,index,as transcribed,freq note,freq acc,freq weighted note,freq weighted acc
0,McGovernsFavoritereel,9,9,9,9,9
1,CrushingtheTwigsreel,2,6,4,6,4
2,BillHartesReel,9,11,11,11,11
3,SecondHandCarreelThe,2,2,2,2,2
4,BoysoftheLakereelThe,7,7,11,11,11
5,MusicalPriestreelThe,11,11,2,11,2
6,WalloptheSpot,2,9,4,9,4
7,TommyODeasreel,7,7,4,7,4
8,FinnegansWidowpolka,7,7,7,7,7
9,GirlwiththeYellowHairThe,7,11,9,11,9
10,NewCustomHousereelThe,7,2,9,2,9
11,JohnnyCopehornpipe,9,2,4,4,4
12,CallaghansSlide,2,9,11,9,11
13,LeitrimReelThe,4,4,4,4,4
14,MartinsTriptoCree,9,9,4,7,4
15,HutintheBogreelThe,9,4,4,4,4
16,WondersofMayoThe,2,2,9,2,4
17,PaddyORafferty,7,11,7,11,2
18,SatinSlipperReel1The,2,2,9,2,9
19,EastClareLassiesreelThe,9,9,9,9,9
20,CeliaOGara,7,11,0,11,0
21,FreeandEasyreel,7,9,11,9,11
22,ColemansCrossreel,4,6,4,2,4
23,FollowMeDowntoCarlow,9,9,9,9,9
24,LarkontheStrandThe,7,11,7,11,7
25,MammasPolka,2,9,6,9,9
26,HumorsofBallinacarrigreelThe,4,4,11,4,4
27,DreamofHomereelA,2,2,2,2,2
28,AhascraghPigThe,2,9,2,9,2
29,TommyGunnsreel,7,11,4,11,4
30,GreatEasternPolkaThe,7,11,9,11,9
31,NelsonsPillarreel,2,2,11,2,11
32,GoodforStartersslide,2,2,2,2,2
33,Morrisons,4,4,11,4,11
34,SeanFrankreel,4,7,7,7,7
35,AghavasReel1The,4,11,4,11,4
36,RollingintheRyegrass1reel,2,9,9,9,9
37,BrokenLanternThe,2,2,6,2,6
38,PeelersPocketreelThe,7,11,7,11,7
39,JacksonsMorningBreeze,2,2,9,2,9
40,LadiesofDroghedareelThe,4,11,2,11,2
41,RileysReel,4,4,4,4,4
42,DanPatsysSlide,7,11,6,4,4
43,AlexandersMarchNewWay,2,2,4,2,4
44,BoysofMalinreelThe,9,4,9,4,9
45,StaffordsReel,4,4,6,4,11
46,LastNightsFun2reel,2,6,9,2,9
47,QueenoftheMayreelThe,4,11,11,11,11
48,TietheRibbonsreel,4,2,7,7,7
49,AnnesbrookHousereel,0,2,4,2,0
50,ShoresofBallybunionreelThe,7,7,7,7,7
51,JennyAndTheWeaselreel,7,2,0,2,0
52,MissJohnstonreel,7,2,11,2,11
53,BlacksmithsFancyreelThe,2,2,6,2,6
54,MollyBawnreel,2,9,9,9,4
55,MayorHarrisonsFedorareel,4,2,7,9,11
56,FishermansLiltreelThe,9,4,4,4,4
57,MisterHenrysSingleJig,2,2,9,9,9
58,AskMyFather,7,9,9,9,9
59,QuinnsReel1,2,2,9,11,9
60,GallowglassJigThe,9,9,0,9,4
61,MickDuggansSlide,2,6,4,6,9
62,MurphysReel,2,6,2,6,2
63,BelfastBoatThe,7,7,11,7,7
64,ImWaitingforYoureel,7,7,11,7,11
65,MullinsFavoritereel,7,11,11,11,11
66,MountainTopreelThe,7,2,11,2,11
67,RosemaryLane,2,2,2,2,2
68,FlowersofDoocastlereel,7,7,11,11,11
69,MaryDarbys,2,2,2,2,2
70,GalteeRangersreelThe,2,6,6,6,6
71,PrideofRathmorereelThe,4,4,11,4,11
72,CroninsHornpipe,7,2,2,7,2
73,ControversialReelThe,7,11,7,11,9
74,PaddyFahysJig,2,2,2,2,2
75,JohnRyansRadioPolka,2,2,9,2,9
76,TureengarbhJigThe,2,6,9,4,9
77,KingofthePipesThe,11,9,9,9,9
78,TailorsTwisthornpipeThe,2,4,2,4,2
79,WhitePonyThe,7,7,9,7,9
80,LadyontheLakereelThe,4,4,6,4,6
81,BluePantaloonsreelThe,2,2,1,2,9
82,RisingSuna3reelThe,2,6,2,6,2
83,GypsyPolka12The,9,6,4,6,4
84,ClarHornpipeThe,7,7,7,7,7
85,KidontheMountainThe,4,9,11,9,11
86,PigeonontheGate1reelThe,9,4,4,4,4
87,LynchsHornpipe,2,9,2,2,2
88,DowntheGravelreel,9,9,9,9,9
89,IvoryFluteThe,9,2,2,4,4
90,KerryBorderpolkaThe,2,2,11,2,11
91,StreamstownHornpipeThe,2,2,2,2,2
92,KilkennyJigThe,7,9,9,9,9
93,KnottedCordreelThe,9,4,4,4,4
94,PaddyTaylorsreel,7,2,7,2,6
95,PadraicMacGiollarnath,2,2,9,2,9
96,Morrisonsreel,2,2,2,2,2
97,LadsofDoocastlereelThe,2,6,2,6,9
98,TipperaryHills,2,9,9,9,11
99,MountCollinsReelThe,9,4,9,4,9
100,LeitrimPiperThe,7,2,7,2,7
101,BadgersFancyhornpipeThe,7,2,7,2,7
102,MickyOCallaghansFavoritehpipe,2,6,2,6,2
103,KellysMerryThatcherreel,4,9,2,9,2
104,CatthatAtetheCandlereelThe,7,2,9,2,9
105,LassofBallintrayreelThe,7,7,2,7,2
106,AnythingforJohnJoereel,2,9,6,9,6
107,BonnieKateoriginalversionreel,2,2,6,2,6
108,LadiesPantalettesreelThe,7,7,6,7,6
109,SummerinIrelandreel,2,6,7,6,7
110,BrownsHornpipe,2,9,11,9,2
111,CasheldooSlideThe,7,7,7,7,7
112,BrotherGildasJig,2,9,9,9,9
113,BayShoreJigThe,2,2,2,2,2
114,MissCassidyreel,7,7,7,7,7
115,FieldsofWestmeathThe,2,2,6,2,2
116,RiverMeadowpolkaThe,2,11,6,11,6
117,DohertysKingofthePipers,7,2,9,2,9
118,BlackEyedSailorreelThe,7,7,7,7,7
119,SalamancaReelThe,2,2,2,2,2
120,StayforAnotherWhilereel,2,6,2,6,2
121,GanleysJig,2,2,2,2,2
122,GameCockThe,2,9,2,9,6
123,WhenSickIsItTeaYouWant,2,2,9,2,9
124,OldGreyGanderreelThe,9,11,11,11,9
125,DoctorGilbertreel,4,11,4,11,4
126,GlenRoadtoCarrickreel,7,2,9,2,9
127,WestWindowThe,2,6,2,6,2
128,CordalReelThe,2,4,6,2,6
129,WallacesCrosspolka,2,2,4,2,4
130,QuinnsReel2,2,9,2,9,2
131,NewRoadreelThe,7,2,6,2,2
132,LeitrimJigThe,7,2,2,2,2
133,MermaidofMullaghmorereelThe,2,9,6,7,6
134,ItGoesAsFolliesreel,7,2,11,11,11
135,OvertheHillreel,2,2,1,6,1
136,FirstMonthofSummerreelThe,9,1,9,1,9
137,DerryleeReelThe,9,11,11,4,11
138,KnocknaboulReelThe,4,11,2,2,2
139,OConnellsWelcometoDublin,4,9,9,4,9
140,RangerhpipeThe,2,2,2,2,2
141,DillanesHornpipe,2,2,2,2,2
142,FullSailstoGreenlandreel,7,11,11,11,11
143,GlensideCottagereelThe,4,2,11,9,11
144,TeartheCalicoreel,7,7,9,7,9
145,DunphysHornpipe,7,7,7,7,7
146,WicklowMountainsThe,2,6,4,6,6
147,AsIWentOutUpontheIcepolka,9,9,4,9,4
148,CourtingThemAllreel,2,2,2,2,2
149,AnacCuan,4,6,4,6,4
150,FrancieDonnellansReel,0,2,0,2,2
151,StrandRoadThe,2,9,2,9,6
152,LassesofSaintBarrysreelThe,7,9,2,9,2
153,RamblerThe,9,9,4,9,4
154,TomMoransFancy,2,9,9,9,9
155,JohnODwyeroftheGlensetdance,7,2,9,2,9
156,MissThorntonsreel,7,7,4,7,7
157,PatrickOConnorspolka,9,9,2,9,2
158,ElizabethBrogansreel,7,7,7,7,7
159,PriestsJigThe,7,7,2,7,7
160,WholeChickenintheSoupslideThe,7,11,7,7,7
161,JuniorsMouse,7,7,10,7,10
162,RoundtheWorldreel,4,11,11,11,11
163,Regans,2,6,7,6,7
164,GlassloughReelThe,7,11,2,11,2
165,SeanMcGovernspolka,2,2,2,2,2
166,BuddyFureyspolka,9,9,1,9,1
167,PipersFavoritereelThe,7,7,11,11,11
168,FlowersofRedHillreelThe,2,9,11,9,11
169,DinnyMescallsSlide,7,11,7,11,7
170,PadraigOKeeffesSlide2,2,6,4,6,4
171,HowFartoEnnisreel,7,11,0,11,0
172,JerryJoeGeorgepolka,7,4,9,2,9
173,PipersWeddingreelThe,7,7,7,7,7
174,RavelledHankofYarnreelThe,7,7,2,2,2
175,IsYourWalletMadeofSilkslide,7,7,11,7,11
176,MerryBoysofForereelThe,7,2,0,2,2
177,MossyBanksareelThe,9,9,0,9,0
178,PrideofSlieveAughtyThe,7,11,2,11,2
179,SweepsHornpipeThe,7,6,4,4,4
180,BagofSpudsreelThe,9,11,9,4,9
181,SixpennyMoney,2,2,6,9,9
182,JacksonsWalktoLimerick,2,9,9,9,9
183,IFurnishedUpMyHousehpipe,9,9,4,11,4
184,CrossesofAnnagh1reelThe,9,7,7,7,7
185,MisterFlynnsFavoriteReel,2,6,6,2,6
186,LittleBagofPotatoesreelThe,7,2,11,7,7
187,OldTipperary,7,7,0,7,0
188,WindThatShakestheBarleyreelThe,2,2,11,2,11
189,AutumnLeavesreelThe,4,4,2,11,2
190,YoungMollieMurphypolka,9,9,9,9,9
191,TempleglantineReel2The,7,2,9,2,9
192,PaddyFahysReel1,0,0,0,7,0
193,BanksoftheHudsonreelThe,7,11,11,11,11
194,MonksJigThe,9,9,0,4,4
195,MovingBogsreelThe,7,7,7,11,7
196,TommyCoensReel,7,7,9,7,4
197,LoughillHornpipeThe,7,7,9,7,0
198,LordMcDonaldsreel,7,7,2,7,2
199,BanardJigThe,2,2,2,2,2
200,Osborns5polka,7,7,7,7,7
201,JoeKilmurrysJig,4,6,9,11,11
202,DerrymoreReelThe,2,6,9,6,9
203,AshplantreelThe,4,11,11,11,11
204,MattPeoples1reel,2,9,11,9,11
205,MouseintheCupboardThe,7,7,11,7,11
206,McGuckiansReel,4,2,11,2,11
207,MissPattersonsSlippersreel,4,4,11,4,11
208,SliabhRussell,7,9,4,9,4
209,JollyBangerreel,7,7,2,2,2
210,LedlowsChimesreel,7,11,11,11,11
211,MaidAttheWellThe,7,7,7,7,7
212,MissGunningsDelightreel,7,11,7,11,7
213,CashenbridgePolkaThe,2,4,4,4,4
214,FirstofAugustreelThe,7,7,7,7,7
215,QueenoftheCeilireelThe,2,2,11,2,11
216,LobsterreelThe,7,7,9,7,9
217,PatOBeirnesFavorite,7,7,11,7,11
218,ConOFlynnsJig,7,6,9,6,9
219,MooneysReel,7,7,11,7,11
220,EileenOLoughlinsreel,2,2,2,2,2
221,QuinnsJig,7,11,7,7,7
222,BobandJoanStoneybatter,7,7,7,7,7
223,LassofBallintra1reelThe,7,7,2,7,4
224,OakTreereelThe,2,9,6,9,6
225,CallanLassesreelThe,2,2,2,2,2
226,DollyVardenpolkaThe,7,7,7,7,7
227,SteeplechasereelThe,0,0,7,0,7
228,HillsofKeshreelThe,9,2,7,4,7
229,PaddyFahysReel3,0,0,0,0,0
230,OldOakTreereelThe,2,6,6,6,6
231,JacksonsJig,7,11,11,11,11
232,LassieatthePlowreelThe,2,9,6,9,6
233,RollHerintheRushesreel,7,0,4,2,4
234,WanderingMinstrelThe,2,9,9,9,6
235,BarrelofWashreelThe,2,6,2,6,2
236,HighlandersKneebucklereelThe,7,7,11,7,11
237,BoringtheLeather,7,2,9,9,9
238,TomKeanesreel,2,9,1,9,1
239,HumorsofTullareel,2,2,2,2,2
240,KerryCowpolkaThe,2,9,1,9,1
241,MartinWynnes3reel,7,7,7,7,7
242,JamesMcMahonsJig,2,2,4,2,4
243,MartinMulhairesreel,7,2,4,2,4
244,CrookedReelThe,9,11,11,9,11
245,ODonoghuesPub,2,9,4,4,4
246,FriezeBreechesThe,2,9,9,9,9
247,McFarleysReel,2,2,11,2,11
248,Whelans,4,6,11,11,11
249,PadraigOKeeffesSlide1,2,1,9,1,9
250,MattHayesJig,2,6,2,6,2
251,ShepherdsDaughterreelThe,2,4,4,4,4
252,SwaggeringRakeThe,4,4,11,9,11
253,HuntersPursereelThe,9,4,4,4,0
254,BanishMisfortune,0,2,0,2,0
255,McKiernansReel,7,11,4,11,7
256,TinkersOccupationreelThe,2,2,0,4,9
257,OldKerryCowreelThe,2,2,9,2,9
258,ButchersMarchiiThe,7,11,4,11,4
259,OConnellsTriptoParliament1reel,2,2,2,2,6
260,JohnJoes,2,9,9,9,11
261,Bogansreel,2,6,9,6,9
262,HazelStickThe,7,7,11,7,11
263,PipersDelusionreelThe,7,7,11,2,11
264,FatoftheLandreelThe,2,9,2,11,2
265,DowntheGortRoadreel,7,7,11,7,2
266,ConsLimerickLassesreel,0,4,7,0,7
267,PaddyFahysReel2,0,0,0,7,0
268,MammaNugentsPetreel,7,2,9,2,9
269,GlennOwenreel,7,2,9,2,9
270,BarrelRaffertys,9,9,9,9,9
271,LiamsReel,7,2,4,2,4
272,WithinaMileofDublinreel,7,2,9,2,6
273,CoppersandBrass,7,7,9,7,9
274,HielanmansKneebucklereelThe,2,2,2,2,2
275,GarrettBarrys,7,2,2,2,0
276,GrandpaTommysCeiliBand1reel,7,11,7,11,7
277,JohnKellysFavoritereel,0,7,5,7,5
278,JohnBrennanfromSligoreel,2,9,9,9,9
279,LampintheWindowreelThe,2,2,2,2,2
280,PoorOldWomanpolkaThe,7,7,7,7,7
281,MartinWynnesReel1,2,6,6,6,6
282,BonnieKatefirstversionreel,2,2,2,2,2
283,MurphysGreyhoundreel,9,7,4,7,4
284,CastleofGoldhornpipe,7,7,7,7,7
285,MeenacrossJig,2,9,6,9,6
286,JohnPottsReel,7,11,9,11,9
287,SeanRyansDooneyRock,9,11,7,11,7
288,Kennawsreel,7,2,6,2,2
289,RoverReelThe,7,0,9,7,9
290,BedfordCross,2,4,4,4,4
291,HaresFootreelThe,7,11,4,11,4
292,GeeseintheBogThe,2,9,9,9,9
293,ShipDoctorThe,4,4,7,4,7
294,FarewelltotheHeatherreel,9,4,6,4,6
295,BresnahansFrolics,4,11,11,9,11
296,MissMcDonaldreel,7,7,4,7,4
297,WestWindreelThe,7,9,9,7,9
298,LomanachCrossreel,7,7,2,7,2
299,TasteofScotlandreelA,9,7,7,4,7
300,EveninginClarereelAn,9,0,0,0,0
301,BillHartes,7,2,9,2,9
302,BreensHornpipe,9,9,2,9,2
303,GreenFieldsofRossbeighreelThe,4,11,11,11,11
304,MidwesternReelThe,4,4,4,6,4
305,TabbyCatpolkaThe,2,2,4,2,7
306,BlackhairedLassreelThe,2,9,1,9,1
307,SlowTraintoDublinreelThe,2,9,6,9,6
308,PatsyTuoheysreel,4,4,11,4,11
309,HagsPurseThe,7,2,0,2,9
310,BeesintheCherryTree,7,7,7,7,7
311,OvertheMoortoPeggyreel,7,2,2,11,2
312,StoneintheFieldreelThe,9,9,9,9,9
313,resaRyanshornpipe,7,7,11,11,11
314,BigBarneysJig,7,2,2,2,2
315,PaddysChoicereel,7,9,4,9,4
316,ComingHomefromtheBogreel,7,7,7,7,7
317,DublinLassesreelThe,4,4,11,4,11
318,SunnyBanksreelThe,2,6,6,6,6
319,GooseberryBushreelThe,7,2,9,2,9
320,HumorsofCarrigaholtreel,2,2,2,2,2
321,PriestinHisBootsThe,7,9,9,9,9
322,BoysofKilsarnereelThe,7,11,7,11,11
323,ClareReelThe,7,7,9,7,11
324,NinePointsofRogueryreel,2,2,2,2,2
325,BakersReelThe,7,11,2,11,2
326,FarewelltoErinreel,2,2,2,6,2
327,JimKeeffesPolka,2,2,2,2,2
328,LucyCampbellreel,2,9,2,9,2
329,OConnellsReel,2,2,9,2,9
330,TopItOff,2,2,2,2,2
331,GreigsPipesreel,7,7,9,7,9
332,BoltonStreetreel,2,4,11,4,11
333,MissCoxreel,7,7,7,7,7
334,AnthonyFrawleysJig,7,2,2,2,2
335,MickHandsreel,9,7,4,7,4
336,HardRoadThe,7,7,7,7,7
337,GanderatthePratieHoleThe,7,2,6,2,6
338,JohnFennellsJig,4,4,4,4,4
339,DayAftertheFairThe,4,9,11,11,11
340,RailroadreelThe,4,7,2,7,2
341,ConnachtHeifersreelThe,7,7,9,7,9
342,HorseshoeThe,4,7,7,7,7
343,TimeWellSpenthornpipe,9,9,9,9,4
344,SportingDaysofEasterreelThe,7,2,2,2,9
345,MissGeraldinesJig,2,2,4,2,4
346,GreenPigeonreelThe,7,2,7,2,7
347,OldHagBewareslide,7,7,7,7,7
348,DanSweeneys1polka,9,9,9,9,9
349,MyLoveisSuchaFairOnereel,7,7,11,7,11
350,DustyMiller,7,11,11,11,11
351,McMahonsReel,7,11,4,11,4
352,NewPolicemanreelThe,7,7,7,7,4
353,ClonmelFiddlerpolkaThe,4,11,11,4,11
354,JosieMcDermottsreel,7,7,7,7,7
355,LucyMcKennas,9,9,0,9,0
356,ButchersJigThe,7,9,4,9,4
357,TanseysFavoritereel,7,7,7,7,7
358,NewbornLambpolkaThe,2,11,9,11,9
359,MastersFlaxinBloomreelThe,2,2,9,2,6
360,RepealoftheUnionreelThe,2,4,9,9,9
361,NellieIsMyLove,11,11,11,11,11
362,LittleWhiteCoatThe,7,2,4,2,4
363,OLearysDaughterslide,4,4,4,4,11
364,CollegiansofGlasgowreelThe,4,7,2,7,2
365,BirdintheTreereelThe,7,11,11,11,11
366,GameofLovereelThe,4,4,11,4,7
367,MullingarRacesreelThe,2,2,2,2,2
368,HagwithHerKegonherShoulderThe,7,2,2,2,9
369,HighPartoftheRoadThe,7,7,0,2,2
370,ScattertheMud,9,9,2,9,2
371,MyLoveintheMorning,9,9,9,9,9
372,GimletGimbletThe,9,11,7,11,7
373,SwordinHandreelThe,7,11,6,11,7
374,LarrysPolka,2,2,9,2,9
375,FarewelltoConnachtreel,7,2,0,2,0
376,BrownBreadandCheesepolka,2,9,11,9,11
377,MindtheStep,7,9,7,9,7
378,DowntheBanksWithMaryreel,7,2,11,2,11
379,ListowelFiddlerslideThe,2,2,2,2,2
380,MamasPetreel,9,9,11,9,11
381,OttersHolereelThe,9,9,4,4,4
382,TuttlesReel,2,9,0,9,0
383,BoiltheKettleEarlyreel,2,4,9,9,9
384,TraversReel,9,11,11,11,11
385,MunsterSlipThe,2,2,2,2,2
386,GormansReel,4,2,11,2,11
387,GoneforHisTeareel,4,6,9,6,4
388,PaytheReckoning,7,7,2,4,2
389,RockyRoadtoDublinThe,7,9,11,9,9
390,WavesofClewBayreelThe,2,2,7,2,7
391,CallaghansProgress,2,6,9,6,9
392,MaggieShanleysSlide,9,1,9,4,9
393,HumorsofRossThe,2,11,2,11,2
394,SpringFieldJigThe,7,2,0,2,0
395,BallinasloeFairreel,9,0,7,0,7
396,ItsanIllWind,7,7,7,7,7
397,MaulykevaneJigThe,9,4,4,4,4
398,TaylorsFancyslide,2,9,9,9,2
399,BucksofDublinThe,7,7,7,7,7
400,PriestoftheBoots,2,6,4,6,6
401,MichosTentreel,7,9,11,9,6
402,DrimcongJigThe,9,7,2,4,2
403,WhiteMountainreelThe,2,6,11,9,11
404,OvertheHillsandFarAwaypolka,7,9,9,9,11
405,SparetheRodreel,7,11,0,11,0
406,HareintheHeatherreelThe,4,11,11,11,11
407,JohnJoeGannonshornpipe,7,7,7,7,7
408,TullaReelreelThe,4,11,2,11,2
409,PaddyfromClarereel,2,2,2,2,2
410,DukesRetreathornpipeThe,4,9,7,7,4
411,HurlersMarchThe,7,2,2,2,2
412,MurphyfromWexford,2,9,2,9,2
413,LordWellingtonreel,7,7,7,7,7
414,OCallaghansreel,7,11,7,11,7
415,JacksonsRambles,2,2,2,9,2
416,RowsomesKerryJig,7,7,9,9,9
417,MissRamsayreel,2,2,9,2,9
418,ScotchHuntreelThe,9,4,0,4,0
419,MartinAnsborosreel,4,4,11,4,11
420,LastNightsFun1reel,2,2,2,2,2
421,SkyOverFenitreelThe,2,9,11,9,9
422,KillaloeBoatThe,9,11,4,11,4
423,YourMothersFairPetreel,2,9,9,9,4
424,OFlynnsFancyreel,7,11,2,11,2
425,FarewelltoLeitrimreel,2,2,6,2,6
426,PaddyByrnesQuickStep,7,7,7,7,7
427,PerfectCureThe,2,2,2,2,2
428,DayIMetTomMoylanreelThe,2,4,4,4,4
429,GirlsoftheCountyMayoreelThe,7,11,4,11,4
430,JackMaguiresReel,2,6,6,2,2
431,PubattheCrossroadshornpipeThe,9,11,9,11,9
432,MyLoveisinAmericareel,2,2,9,2,9
433,TomConnorsJig,2,9,9,9,9
434,LadiesStepUptoTea,9,9,9,9,9
435,OSheastheManreel,7,11,7,11,7
436,TakeHerOutandAirHerreel,2,2,2,2,6
437,MovinginDecencyreel,4,4,11,4,11
438,ManfromDungannonreelThe,7,9,6,9,11
439,RollingintheRyegrass2reel,2,9,9,9,9
440,RisingSuna1reelThe,2,9,2,9,2
441,KilbahaReelThe,2,2,6,6,6
442,KerrymansCloghornpipeThe,7,2,2,2,7
443,SlideJohnBThe,2,6,2,2,2
444,LovelyAnnereel,9,9,0,9,0
445,MrsGalvinsFancyhpipe,2,2,2,4,2
446,PrimroseGirlreelThe,7,11,11,11,11
447,SoldiersJoyThe,7,7,11,7,11
448,GeorgeRawleyshpipe,9,4,0,4,0
449,OldConcertinareelThe,2,11,11,11,11
450,JacktheDeckhandreel,7,2,4,4,4
451,MaryEllenshornpipe,4,7,7,7,7
452,SchottischePolkaThe,7,2,11,2,11
453,DooaghPolkaThe,7,2,0,2,0
454,ReelofMullinavatreelThe,4,2,7,4,7
455,RakishPaddyreel,7,2,4,2,0
456,JacksonsReel,7,11,7,2,7
457,GatehouseMaidreelThe,9,11,4,11,7
458,Killorans1polka,7,7,11,7,11
459,MissButlersreel,7,7,11,7,11
460,JackieFitzpatricksreel,7,9,4,9,4
461,DisputeattheCrossroadreel,4,11,4,11,4
462,UpDowntheStairs,2,4,6,4,6
463,TynaghJigThe,7,2,2,2,2
464,AnotherRoundofPunch,7,7,7,7,7
465,NewMissMcLeodreelThe,0,0,0,0,0
466,NonieStackingTurfpolka,9,9,0,9,0
467,CordalJigThe,2,2,11,9,11
468,AtlanticWavereelThe,7,7,2,7,2
469,NewportLassThe,2,2,9,2,9
470,HawthornJigThe,4,7,2,2,2
471,JohnnyLovesMolly,2,2,1,2,1
472,GerryCroninsreel,0,0,2,0,0
473,DustyMillerThe,2,9,9,9,9
474,UnionReel,9,9,4,1,2
475,GillansApples,2,1,1,4,1
476,RollickingSkipperThe,7,4,4,4,4
477,CrehansFiddle,2,2,2,2,2
478,KillavalFancyreelThe,2,2,11,2,2
479,MaryMcMahonreel,2,2,6,2,6
480,CaptainfromCavanpolkaThe,2,2,6,2,6
481,HumorsofMultyfarnhamThe,2,6,9,6,9
482,BucksofOranmorereelThe,2,2,9,2,9
483,EmpireStateReel2The,7,2,2,2,2
484,NoonLassesreelThe,7,7,7,11,7
485,MissMcGuinnessreel,7,7,4,2,11
486,DenisEnrightsSlide,2,9,9,4,9
487,BarmaidreelThe,0,0,4,0,7
488,WalshsHornpipe,9,4,9,1,9
489,GrandpaTommysCeiliBand2reel,7,11,7,11,7
490,TopoftheMorningreel,7,7,11,7,11
491,Mulqueenshornpipe,7,2,2,2,7
492,PrideofAhamorereelThe,7,2,6,2,6
493,TatterJackWalsh,7,2,0,2,9
494,MaidIntheCherryTreereelThe,9,9,0,9,0
495,BallykealJig,7,7,9,7,9
496,DrummondLassesreelThe,7,7,2,7,7
497,YoullComeHomewithMe,7,9,7,9,9
498,OneofTommyshornpipe,7,9,7,9,11
499,CoachRoadtoSligoThe,7,2,4,2,4
500,LongfordCollectorreelThe,7,11,7,11,7
501,PrettyWelshMaidreelThe,7,7,11,11,11
502,BoysontheHilltopreel,9,11,11,9,7
503,JimmyWardsJig,7,7,7,7,7
504,HumorsofEderneyreelThe,9,1,9,1,9
505,CavanReelThe,2,9,9,9,6
506,JohnDohertysReel1,2,6,6,6,6
507,HighRoadtoLintonreel,9,4,6,4,6
508,JohnnysGonetoFrancereel,4,2,11,2,11
509,WexfordReelThe,2,6,6,6,6
510,KillarneyBoysofPleasurereel,7,6,11,6,11
511,MillersDaughter1reelThe,9,1,9,1,9
512,PaddyORafferty2,7,9,7,9,7
513,OConnellsTriptoParliament2reel,2,9,9,9,6
514,ElmGroveThe,7,11,2,11,2
515,BlacksmithReillysReelThe,2,6,2,6,2
516,LightingtheLampsreel,2,2,2,1,2
517,GullaneJigThe,2,2,9,9,9
518,GlenCottage2polka,9,4,4,4,4
519,LisheenReelThe,2,6,6,6,6
520,McGoldricksReel,2,2,1,2,1
521,CastlemahonLassesreelThe,7,7,7,11,7
522,CuckoosNesthornpipe,7,11,11,7,11
523,BrightMayMoonreelThe,9,1,1,1,1
524,TomHillshornpipe,2,6,2,4,4
525,GirloftheBigHouseThe,7,2,7,2,6
526,AshmoleanHousereel,2,6,9,6,9
527,ToormoreJigThe,2,2,6,2,6
528,BonnyAnnereel,2,2,1,2,1
529,HagattheKilnslide,7,2,9,2,9
530,EastOfGalway,7,2,9,2,9
531,HighJigThe,9,9,1,9,1
532,FatherAhearnsreel,7,6,2,6,2
533,UpperRoomreelThe,7,2,2,2,2
534,IrelandForever,9,9,1,9,1
535,MunsterShanachieThe,4,6,11,9,11
536,GannonsDozen,2,6,9,6,6
537,LassAmongthePrimrosesreelThe,4,4,11,4,11
538,KevinMahonsreel,2,2,9,2,9
539,MyLoveBetweenTwoRosesreel,2,2,9,2,9
540,BogofAllenThe,2,2,6,2,6
541,HumorsofTuamgraneyThe,9,9,9,9,9
542,SilverSlipperReelThe,2,9,6,6,6
543,HagattheChurnThe,7,2,9,2,9
544,HerGoldenHairWasCurlingDown,2,2,2,2,2
545,TinkersBibreelThe,9,9,4,9,6
546,JohnsonsReel,4,4,11,4,11
547,RakesofDrumlishThe,9,7,11,7,11
548,PrimroseGlenThe,7,2,4,2,4
549,JimmyGiblinsReel,2,2,2,6,2
550,CroninsKitchenpolka,9,4,9,9,9
551,SouthwestWind,2,2,4,2,4
552,TommyWhelansreel,7,7,7,7,7
553,IHaveaBonnetpolka,7,2,2,2,2
554,IdRatherBeMarriedthanLeft,2,9,9,9,9
555,CrossingtheChannel,2,9,9,9,9
556,OCallaghansHornpipe,7,4,4,4,4
557,PulltheKnifeStickItAgain,4,4,4,4,4
558,AchreidhJigThe,0,2,2,2,9
559,DowsersFavoritereelThe,7,11,7,11,7
560,TellHerIAm,7,7,7,7,2
561,WhentheCockCrowsItisDay,7,7,9,7,7
562,IdRatherBeMarriedthanLeftslide,2,9,2,9,2
563,WhyDidntILoveMary,7,9,11,9,11
564,DuffysReel,11,11,11,11,11
565,EleanorKanesreel,7,7,11,7,11
566,CominThrotheRye,2,9,2,6,2
567,BlacksmithreelThe,7,11,2,11,2
568,PrimroseLassreelThe,7,9,11,11,11
569,MarysDreamreel,2,2,2,6,2
570,HisCoworYoursreel,2,2,2,2,2
571,CorneyisComingreel,7,2,2,2,2
572,CurlyMikereel,2,0,9,4,9
573,PhilipOBeirnesDelightreel,2,2,2,2,2
574,AhSurelyreel,7,7,7,7,9
575,BerkshireHeightsreel,2,2,9,2,9
576,MilltownLassesreelThe,0,2,4,2,4
577,MickeyMurphysSlide,2,2,2,2,2
578,ShamrockJigThe,9,4,1,9,1
579,DrunkenGaugersetdanceThe,7,7,11,7,11
580,Lackeysreel,7,7,4,7,7
581,LetsBeDrinking,9,4,4,4,4
582,Walshsreel,7,6,2,7,2
583,LangsternPony,2,9,1,9,1
584,TimDillonsReel,2,6,2,6,2
585,WheelsoftheWorldThe,7,7,11,9,11
586,BlackbirdhornpipeThe,2,9,6,9,6
587,BallinalarkeyMaidsreelThe,7,7,7,7,7
588,MothersDelightreel,2,4,5,4,5
589,TomRowsomesSlide,7,11,0,11,7
590,BoysofThomastownThe,7,9,11,9,11
591,FloggingReel,7,11,11,11,11
592,CroninsFavorite,9,4,4,4,4
593,McCahills2reel,2,9,11,9,11
594,JohnDohertysReel2,9,0,4,9,4
595,LondonLassesreelThe,7,7,7,7,7
596,HagWiththeMoneyThe,2,9,9,9,9
597,DucksintheOatsThe,7,2,0,2,9
598,KishkeamLadiesThe,2,9,9,2,4
599,MaidofHolywellreelThe,2,2,2,2,2
600,MistontheRiverhornpipeThe,7,7,7,7,7
601,PaddyORafferty1,2,6,2,6,2
602,MoheravoguereelThe,9,11,7,11,7
603,FoxhunterReel,9,1,4,1,4
604,LadyfromBaltimorereelThe,7,7,7,7,7
605,MickeyConnellsHornpipe,7,0,2,0,2
606,KidThe,7,11,2,11,7
607,FarrellOGarareel,2,6,11,6,9
608,WillyReidys2polka,7,11,11,11,11
609,BeanaTiArLarreel,2,1,9,9,9
610,BrothersPipesreel,2,9,9,9,9
611,GoingtotheRaces,7,11,11,11,11
612,AlexandersMarch,4,4,4,7,4
613,MaryoftheGrovereel,4,11,11,11,11
614,UnionReelThe,9,9,4,9,4
615,GerryCommanesreel,7,2,9,6,9
616,SkylarkreelThe,2,6,6,6,6
617,MillersDaughter2reelThe,7,11,7,11,7
618,FairhairedBoyThe,9,9,4,9,4
619,KillannansFancyreel,7,7,7,11,7
620,GinleysFancyreel,7,4,4,11,4
621,SailorsBonnetreelThe,2,6,2,6,2
622,FatherKellysReel,7,2,11,7,11
623,OldJohns,9,9,0,9,0
624,SettingoftheSunreelThe,2,2,2,2,2
625,PipeontheHobThe,7,2,2,2,4
626,MaidOfMitchelstownreelThe,2,9,9,9,2
627,LimerickHuntThe,2,2,2,4,4
628,ConcertinaReelThe,2,9,11,9,11
629,YellowWattleThe,7,7,9,7,9
630,DillonsReel,7,2,7,2,7
631,BridalPolkaThe,2,2,9,9,9
632,DragHerAroundtheRoadreel,4,11,7,7,7
633,PrayerIsBetterThanaTuneA,9,4,4,4,4
634,RisingSunbreelThe,2,2,2,2,2
635,TomBillys,2,9,4,9,4
636,ShoemakersFancyThe,7,2,0,2,2
637,TempleglantineReel1The,9,9,1,4,1
638,RussiansAreComingreelThe,7,0,2,0,2
639,TriptoDurrowreelThe,2,2,2,2,2
640,DennisCroninsJig,2,11,9,11,1
641,BellesofStLouisreel,7,7,11,7,11
642,NewPostOfficereelThe,2,2,6,2,6
643,UnfortunateRakeThe,4,4,2,4,2
644,MulloysReel,2,6,6,6,6
645,JollySevenreel,9,0,0,0,0
646,DevaneysGoatreel,2,6,9,2,9
647,BiddytheDarlingslide,2,2,9,2,2
648,CurraghRacesreelThe,7,9,10,9,10
649,DancingMastersReelpolkaThe,7,9,7,4,7
650,KisstheBrideinBedreel,2,6,9,2,9
651,MissRamseyreel,2,2,2,2,2
652,LandsofScotlandThe,7,9,7,9,7
653,TriptoYorkshireThe,7,11,7,11,2
654,BathMedleyThe,7,7,9,7,9
655,HarbourstownHousereel,7,11,7,11,7
656,MissLaceyshornpipe,7,7,11,11,11
657,AngryPeelerThe,7,9,11,9,11
658,ThrushintheBushThe,7,9,9,9,9
659,RedhairedMolly,2,2,7,2,7
660,MyWifesMyOwn,9,9,11,9,11
661,OldSlipperShoereelThe,7,2,9,2,9
662,BrosnaSlide,9,4,4,4,4
663,EweReelThe,7,7,2,7,2
664,GarryCastle,7,7,7,7,7
665,MaudMillarreel,4,4,4,4,4
666,JohnFlynnsJig,7,2,2,7,2
667,MrsCrehansreel,7,7,7,7,7
668,SpeedthePloughreel,2,2,6,6,6
669,ThomasHornpipe,2,2,2,2,2
670,BrownChestThe,2,9,6,9,6
671,FaithThenIWillSaidtheFiddler,2,2,2,9,2
672,GoldRingonYou,2,2,2,2,2
673,BiddyMartinpolka,2,4,6,4,6
674,JertheRiggerpolka,9,4,9,4,9
675,BoyintheTreereelThe,9,11,4,11,4
676,NellieMahoneysSlide,7,9,7,9,7
677,PeterStreetreel,7,2,2,2,2
678,PadraigsHopereel,7,7,7,7,7
679,MartinMulhaires9reel,2,2,9,2,2
680,FoynesJig,2,6,2,2,2
681,MoloneysFlutereel,7,11,2,7,7
682,LeitrimFancyThe,4,11,6,11,6
683,ThrushintheStormreelThe,2,2,6,2,6
684,WhiteLeafreelThe,7,2,4,2,4
685,LassintheParlourThe,9,2,2,2,4
686,CarmelMahoneyMulhairereel,0,4,7,4,7
687,BlackthornStickreelThe,2,2,2,2,2
688,CabinHunterreelThe,4,6,7,6,2
689,MollyFromLongford,9,4,11,4,11
690,INeerShallWeanHer,9,4,0,2,0
691,ChristmasNight,2,6,2,6,9
692,BigJohnsReel,2,4,7,4,7
693,OldFavoriteThe,7,11,2,11,7
694,WheelsoftheWorldreelThe,7,2,2,2,4
695,BoyintheBoatreelThe,2,9,0,9,9
696,MountainLarkreelThe,7,7,9,9,9
697,HappytoMeet,7,11,11,11,11
698,DucksDieonChristmasDay,2,9,9,2,2
699,IfIHadaWife,7,2,7,11,7
700,TrueDaughterofSligoreelA,9,11,11,11,7
701,MistressoftheHousereelThe,7,9,7,9,4
702,WomanoftheHousereelThe,7,11,4,11,4
703,IrishFrolicThe,2,9,9,9,4
704,MemoriesofKeshreel,2,2,2,6,2
705,SligoJigThe,4,6,11,6,11
706,SplendidHornpipeThe,2,2,6,2,6
707,DunmoreLassesreelThe,4,4,7,4,7
708,CarlowTinkerreelThe,2,9,4,9,4
709,Reillysreel,4,4,11,6,11
710,OldBrownSlipperThe,7,11,11,4,11
711,TrimtheVelvetreel,7,9,2,9,2
712,OShaughnessysReel,7,7,2,7,2
713,MusicalMulvihillsreelThe,7,7,7,7,7
714,Murphyshornpipe,2,2,2,6,2
715,BuckintheWoodThe,7,7,0,7,0
716,DimmersreelThe,7,0,11,11,11
717,LastNightsFun,7,0,0,0,0
718,MungoKellyreel,4,11,7,11,7
719,BlueBellsreelThe,4,4,11,4,11
720,MalloysFavoritereel,7,7,11,9,9
721,GlountaneReelThe,2,2,6,2,6
722,SistersReturn,2,9,9,9,9
723,TomWardsDownfallreel,7,7,11,7,4
724,PorterorButtermilkhornpipe,2,2,6,6,6
725,CollegeGrovereelThe,7,2,6,2,9
726,HuntersPrizepolkaThe,2,6,9,9,9
727,JennyTieYourBonnetreel,9,6,7,7,9
728,RustyBoatreelThe,2,2,9,2,9
729,TonyLowespolka,7,7,9,7,9
730,JackWadethePiperreel,4,6,11,6,11
731,BoyintheGapreel,2,2,4,2,4
732,RipplesontheRiverhornpipe,2,6,2,6,2
733,MissJennyspolka,7,11,7,11,7
734,BoysOfTheLoughreelThe,2,6,9,6,9
735,SweeneysDreamreel,2,6,6,6,6
736,PaddyMcFaddens,9,4,4,9,4
737,Fitzgeraldshornpipe,7,11,9,9,9
738,MaidintheRushesreelThe,7,7,4,11,4
739,JoeDerranes,7,11,2,11,2
740,DollytheGypsybarndance,7,11,7,11,9
741,CallaghanfromClare,2,9,2,6,4
742,DarkGirlDressedinBlue1slideThe,2,6,2,6,2
743,BoatontheStrandThe,7,11,2,11,2
744,FowneysFancypolka,4,2,11,2,11
745,TomBillysPolka,9,11,4,7,4
746,StoneChurchPolkaThe,2,4,2,4,4
747,DairymaidreelThe,2,6,2,6,2
748,CullenSlide2The,7,9,9,9,9
749,BallinaLassreelThe,7,7,4,7,4
750,HumorsofLissadellreelThe,4,2,4,6,4
751,ConnollysReelreel,2,2,2,2,2
752,JennyDangtheWeaverreel,2,6,6,6,6
753,AghavasReel2The,7,7,2,7,2
754,GreenFieldsofGlentownreelThe,9,4,4,4,4
755,JuliaCliffordspolka,2,2,9,2,9
756,HeatherBreezereelThe,7,7,6,7,6
757,TommyCoensJig,7,9,7,9,4
758,CartysReel,4,11,11,11,11
759,GeorgeWhitesFavoritereel,7,11,7,11,7
760,TameensReel,7,7,7,7,7
761,BaileantSamhraidh,4,4,11,4,4
762,JauntingCarforSix,9,4,4,4,4
763,RathmoreFarmerThe,2,6,9,6,9
764,JennyPickingCocklesreel,9,9,7,9,7
765,FairMissMcGunnessreel,9,9,9,4,9
766,YellowKidpolkaThe,7,9,11,9,11
767,NightingaleThe,9,4,7,4,4
768,CupofTeareelThe,7,4,7,4,7
769,LittleRedRockreelThe,2,6,2,6,6
770,ContradictionreelThe,7,2,11,2,7
771,RamblingConnachtmanreelThe,7,6,7,6,7
772,BanksofNewfoundlandThe,7,7,11,7,11
773,HowstheWifehornpipe,7,11,2,11,7
774,OldTipperaryJigThe,7,7,7,9,7
775,GregorysHornpipe,2,2,2,2,2
776,AnnamaculeenReel,4,11,11,11,11
777,FunattheFair,7,6,7,6,9
778,UpperchurchPolka1The,7,11,2,11,0
779,PeacocksFeather2hornpipe,2,4,9,4,6
780,LadsofLaoisreelThe,4,11,4,11,4
781,MissMonaghansreel,2,7,6,9,6
782,KisstheMaidBehindtheBarrelreel,7,9,0,9,0
783,TirnaskeaLassesreelThe,7,11,11,11,11
784,NewpuckReelThe,2,2,6,6,6
785,RoadtoClonmelreelThe,2,2,6,9,6
786,SatinSlipperReel2The,2,9,9,2,9
787,LurganHornpipeThe,7,11,11,2,11
788,LarkintheMorningThe,2,6,6,6,6
789,PaddyOBriensReel,7,2,9,2,9
790,CornerHousereelThe,9,4,4,4,4
791,MurneenPolkaThe,2,6,9,9,9
792,MauraConnollysreel,9,7,0,7,0
793,BillyMcCormicks,7,9,9,9,9
794,KittyintheLanereel,7,2,0,2,0
795,SwallowsTailreelThe,9,2,7,4,7
796,PirateShipreelThe,7,7,11,7,11
797,GustysFrolics,7,2,9,2,9
798,PatKelleghers,7,11,7,11,7
799,EndoftheSetThe,2,6,9,6,9
800,SmilesandTearsofErinreel,7,7,2,9,6
801,TomConnorshornpipe,7,7,7,7,7
802,PivotHornpipeThe,2,2,4,2,2
803,GreenTeaReelThe,2,2,2,2,2
804,NorthernSlopereelThe,2,2,2,2,2
805,UpstairswithYouslide,7,11,11,9,11
806,JuneinDublinreel,7,2,11,11,11
807,WhiteCockadepolkaThe,7,11,11,11,11
808,SoreFootreelThe,9,9,9,7,9
809,SpikeIslandLassesreelThe,7,2,9,2,9
810,GowelReelThe,4,9,11,11,11
811,ReelofDarraghThe,2,2,2,2,2
812,GilbertClancysreel,7,7,6,7,7
813,LannamacreeJigThe,7,7,11,7,11
814,SportingNellreel,7,2,9,2,9
815,KillinureReelThe,9,9,4,9,4
816,ConCurtinsBigBalloon,7,4,11,4,11
817,WaterfordGirlsThe,2,2,2,2,2
818,CastleKellyreel,9,9,7,9,7
819,LadyDollSinclairreel,9,9,9,4,9
820,TureengarbhGlenpolka,7,2,11,2,11
821,BeautySpotreelThe,0,2,4,2,9
822,DukeofLeinsterHornpipeThe,7,11,2,11,2
823,BerriesontheBushpolka,7,11,7,11,11
824,BankofTurfhornpipe,7,7,7,7,7
825,LordGordonreel,2,2,11,2,11
826,FredFinnsreel,2,2,6,2,6
827,PromenadeSideStepThe,9,4,4,7,7
828,AndersonsReel,2,6,9,2,9
829,JohnFlemingsSlide,7,11,7,11,7
830,MissLangfordreel,2,2,6,2,6
831,EightandFortySistersreelThe,7,11,6,11,4
832,RisingSuna2reelThe,2,9,2,9,2
833,ByrnesHornpipe,2,2,2,2,2
834,TenpennyBit,9,2,4,4,4
835,LimerickJigThe,7,6,7,7,7
836,TomsMyOtherSonpolka,4,11,11,11,11
837,WellingtonsReel,9,9,9,1,9
838,FourShoves1polkaThe,2,2,2,6,2
839,SailorsFarewellreelThe,7,2,7,7,7
840,GreenGrovesofErinreelThe,9,9,4,4,4
841,LadyGordonsreel,2,2,2,11,9
842,RyansRantreel,0,4,0,4,0
843,SilverGrovehornpipeThe,2,2,2,2,9
844,DarkGirlDressedinBlue2polka,2,9,6,9,6
845,CornhillReelThe,2,2,9,2,9
846,ChainthePony,2,4,4,2,2
847,MaidoftheGlenreelThe,2,2,6,2,9
848,LordWilsonsHornpipe,2,2,2,2,2
849,Hawkeshornpipe,9,4,9,4,9
850,TommyCowleys,7,11,11,11,7
851,MovingBogsreel,2,2,2,2,2
852,FanningsJig,7,11,7,6,7
853,BatintheBelfryThe,2,2,4,2,4
854,BrandyWithBreakfastreel,2,2,6,2,6
855,BasketofEggs21666jig,7,11,2,4,2
856,DaisyFieldsreelThe,2,2,2,4,2
857,MissMcLeodsPolka,2,2,6,6,6
858,WinkHerAside,7,7,7,7,7
859,TailorsThimblereelThe,2,2,1,2,1
860,CarthysReel,7,2,6,2,6
861,LawsonsHornpipe,7,9,7,9,11
862,DickySherlocksReel,2,11,4,6,4
863,PrideofCloontiareelThe,7,11,9,11,9
864,RollHerintheHaystackreel,2,2,2,2,2
865,LadyontheIslandreelThe,2,9,4,9,4
866,SillyOldManThe,7,7,11,7,11
867,SolusLillisReel,0,0,4,4,4
868,ChatteringMagpiereelThe,7,7,2,7,7
869,OMahonysHornpipe,7,11,7,7,7
870,CrossesofAnnaghreel,7,9,7,9,9
871,WhinnyHillsofLeitrimThe,7,7,7,7,7
872,MunsterButtermilk,2,6,9,6,9
873,GreenGownedLassreel,7,7,9,7,9
874,RattlethePeas,2,9,9,9,9
875,CongressreelThe,9,4,4,4,4
876,MoigCrossSlideThe,7,4,9,9,9
877,DoonReel,2,9,2,7,7
878,OConnellsWelcometoParliament,7,9,11,9,7
879,LovelyLassieWinkingreel,2,9,11,9,11
880,DanOKeeffesSlide,7,11,2,11,2
881,ElizabethKellysDelightsj,9,7,9,7,9
882,BasketofTurfThe,4,7,4,7,4
883,LongHillsofMournereelThe,7,2,0,2,9
884,MauriceManleyspolka,9,9,7,4,9
885,HawthornBlossomreelThe,7,7,4,7,7
886,WrenHornpipeThe,7,0,4,9,4
887,MonsignorsBlessingreel,2,2,4,2,2
888,BackGardenpolkaThe,2,2,11,2,11
889,MastersSportingPaddyreelThe,9,7,11,7,11
890,TuneoftheRagreelThe,7,2,7,2,7
891,SheepontheMountainsThe,7,2,9,2,9
892,WesttheHillhornpipe,7,7,9,7,9
893,BashfulBachelor2hornpipe,7,11,2,2,11
894,RiptheCalicoreel,2,2,4,6,2
895,HumorsofKeshThe,7,2,7,2,7
896,DashtoPortobelloreel,2,7,7,7,7
897,DanieloftheSun,7,11,11,9,11
898,RyansFlutereel,9,7,4,7,4
899,ConnellsContributionreel,2,2,9,2,9
900,UptoYourKneesinSandreel,4,11,7,6,7
901,TigerHornpipeThe,7,11,2,11,2
902,EastPartofKerrypolkaThe,2,9,6,2,6
903,Flahertyshornpipe,2,2,9,2,9
904,PomeroyFiddlerreelThe,4,4,4,4,4
905,SpeyinSpatereelThe,2,9,2,9,2
906,BashfulBachelor1hornpipe,7,11,0,7,2
907,PaddyOBriensHornpipe,2,2,6,2,9
908,SparrowsNestThe,2,6,6,6,2
909,WindyGapreelThe,7,7,11,7,11
910,FairyQueenhornpipeThe,2,4,2,4,2
911,BonnieKatesecondversionreel,2,2,1,2,1
912,Cloonereel,0,0,7,0,7
913,PipersChairThe,7,7,7,7,7
914,OConnellsFarewelltoDublinreel,9,2,7,2,7
915,KingofJigsThe,7,7,4,7,4
916,WiseMaidreelThe,2,6,2,6,2
917,DukeofLeinsterreelThe,7,11,2,11,2
918,RoseintheHeatherThe,2,2,9,2,2
919,JamesGannonsDelight,2,6,6,9,6
920,StoneyBatter,2,6,6,6,9
921,HorseHillSlideThe,7,9,7,9,7
922,ColonelRogersreel,7,9,7,9,7
923,TwoBirdsintheTreereel,9,9,11,9,11
924,FoghornHornpipeThe,2,2,2,2,2
925,MickeyCallaghansJig,2,9,9,4,2
926,JohnSlatterysReel,7,9,0,9,4
927,PrideofKildarereelThe,7,6,2,6,2
928,AllRoundtheRoomreel,2,2,2,2,2
929,LooBridgeJigThe,7,11,11,11,11
930,PortrushJigThe,9,9,9,9,9
931,CareysDreamreel,2,9,9,9,9
932,HumorsofTirconnellreelThe,9,1,1,1,1
933,EmpireStateReel1The,5,9,0,9,0
934,UpandAboutIntheMorningslide,2,9,4,9,4
935,KaiserslideThe,2,9,9,2,9
936,MossyBanksbreelThe,7,7,11,7,7
937,DillonBrownreel,9,1,11,9,11
938,PlainsofBoylehornpipeThe,2,9,9,9,9
939,MerryHarriersreelThe,9,7,4,7,4
940,PigeonsWaitforEasterreel,4,11,11,11,11
941,AustinTierneysreel,2,9,9,9,9
942,FairhairedBoyreelThe,2,2,6,2,6
943,RoaringMaryreel,2,2,9,2,9
944,CrossesofAnnagh2reelThe,9,7,4,11,4
945,TonrasJig,2,2,9,2,9
946,TenpennyPieceThe,7,11,7,11,4
947,PipersLordMcDonaldreelThe,7,7,11,7,11
948,OrangeandGreen,7,7,2,7,2
949,FrazersReel,7,11,2,11,2
950,TwoandSixpennyGirl,7,11,11,11,7
951,ElizabethKellys,9,9,7,9,9
952,BridgetFlynnsreel,4,11,11,11,11
953,LimestoneRockreelThe,7,11,9,11,9
954,KnocknaboulPolka1,7,11,7,7,2
955,McDonaghsReel1,2,6,9,2,9
956,MargotJacksonreel,7,7,7,7,7
957,PinchofSnuffreelThe,2,6,4,6,7
958,SheahansFancy,4,6,11,6,11
959,ButchersMarchiThe,7,11,4,9,4
960,RattletheQuilt,9,7,4,7,4
961,McDermottshornpipe,2,9,6,9,6
962,MintintheCornreel,2,6,2,6,2
963,ClimbingVinereelThe,4,11,11,11,11
964,MollyMaguirereel,7,7,0,7,9
965,NineMileHousereel,2,2,9,6,9
966,HenandHerClutchreelThe,9,7,11,4,4
967,VolunteerReelThe,7,11,11,11,11
968,FatherSkehansJig,2,11,11,11,11
969,JacksonsPostChaise,4,7,7,7,7
970,WildDucksFlightThe,2,7,7,7,7
971,TenpennyBitThe,9,9,7,9,7
972,RoughRoadreelThe,7,11,7,11,7
973,JennysWelcometoCharliereel,2,9,9,9,9
974,SkyWithoutCloudspolkaA,2,6,7,7,7
975,GurglingoftheChurnThe,4,11,4,11,11
976,PatWardsslide,2,2,9,2,9
977,MastersDrowsyMaggiereelThe,4,11,2,11,2
978,IrishmansBlackthornreelThe,9,11,7,4,9
979,FahysJig,7,11,7,2,7
980,SettingSunJigThe,2,2,9,2,9
981,MrsRossJig,2,6,9,9,9
982,LancersQuadrillepolka,7,7,7,7,7
983,MissKellysFavoritereel,4,11,11,11,11
984,FourShoves2polkaThe,2,2,2,2,2
985,TeeReeReelThe,9,11,9,11,9
986,RockfieldCottagesreelThe,7,11,11,7,11
987,KellysJig,7,2,7,2,7
988,TearIttoRags,2,2,9,2,2
989,TumbletheTailor,7,7,7,7,7
990,GodSpeedthePloughreel,7,2,7,2,7
991,FairWindreelThe,7,9,7,11,11
992,BoyneWaterhornpipeThe,9,9,4,9,4
993,SouthRoadtoAranThe,2,2,2,6,2
994,Kanesreel,2,2,6,2,2
995,CalendarJigThe,4,11,11,11,11
996,CrabsintheGreasepot,7,9,9,9,9
997,JennysFollyreel,7,2,9,2,9
998,SilverSpirereelThe,2,6,2,6,2
999,FairWindreel,9,1,1,11,1
1000,RantingWidowreelThe,4,11,2,11,2
1001,Killorans2polka,7,2,6,2,6
1002,ChristeningreelThe,2,2,2,2,2
1003,FlowersofSpringThe,9,11,9,11,9
1004,PrettyGirlsofMayoreelThe,7,9,9,9,9
1005,RedSkyatSunset,2,6,2,2,2
1006,LaurasDelight,4,7,2,2,2
1007,KilcumminSlide,7,4,7,4,7
1008,FarnaughtJigThe,7,7,7,7,7
1009,MillersMaidreelThe,2,2,2,2,2
1010,PeacocksFeather1hornpipe,2,9,5,9,5
1011,Glencolmcillereel,2,9,6,9,6
1012,GrandGatesofAnnesbrookreelThe,7,9,4,9,7
1013,AntrimRosereel,2,2,4,2,4
1014,RollingintheBarrelreel,4,4,11,4,11
1015,StageReelThe,7,2,2,2,2
1016,JamesGannonsJig,2,11,9,6,9
1017,StonyStepsreelThe,2,9,9,9,9
1018,PrestonsReel,7,7,7,7,7
1019,LordMounteaglesreel,2,2,2,9,2
1020,MasonsApronreelThe,9,1,1,1,1
1021,DannyAbsslide,9,11,11,9,4
1022,DroversLads,7,11,2,11,2
1023,BoyintheGapreelThe,2,9,9,9,9
1024,MissLyonsFancyreel,2,6,2,6,2
1025,GillespiesHornpipe,7,0,2,7,2
1026,GlassanSlideThe,2,11,11,11,11
1027,KnocknaboulPolka2,7,9,7,11,7
1028,JimmyDoylesFavoritepolka,7,11,2,2,2
1029,SligotoDublinpolka,7,2,11,2,11
1030,DivingDuckpolkaThe,7,11,11,11,11
1031,McDonaghsReel2,4,11,11,11,11
1032,TaptheBarrelreel,7,2,0,2,2
1033,DublinPorterreel,7,7,7,7,4
1034,ReensPolkaThe,2,7,2,6,2
1035,OwenmorePolkaThe,7,6,11,11,11
1036,MangansFancyreel,2,2,11,2,11
1037,TadeentheDonkey,7,11,4,11,4
1038,BoysofBallyscallyThe,7,7,2,7,2
1039,TosstheFeathersreel,7,2,9,2,9
1040,SallyGardensreelThe,7,7,2,11,2
1041,WillieColemans,7,2,7,2,7
1042,LiverpoolBreakdownhpipeThe,7,7,7,7,7
1043,IrishGirlreelThe,2,2,6,2,6
1044,MaidOfCastlebarreelThe,2,6,2,6,6
1045,ShoveIntoMeJoaniepolka,7,2,2,2,2
1046,BeggarmansReelThe,4,11,11,11,11
1047,HumorsofCastlefinnreelThe,4,11,11,11,11
1048,GannonsDelight,2,6,2,6,6
1049,PleasanttoStart,2,6,9,6,6
1050,LassofBallintra2reelThe,2,2,2,2,2
1051,BlackSticksreelThe,7,4,4,4,4
1052,MasterMcDermottsreel,2,6,2,6,2
1053,PatsParlour,2,2,9,2,2
1054,RakesofTerrygoldenreelThe,7,2,11,2,11
1055,GaugerreelThe,2,9,1,9,9
1056,DanthePumpreel,7,11,7,11,7
1057,MollyMurphysReel,7,7,7,7,7
1058,GlenCottage1polka,4,11,11,11,11
1059,HighwaytoKilkennyThe,7,7,7,7,7
1060,GameCockreelThe,2,9,11,9,11
1061,SundayBellsreelThe,7,11,11,11,11
1062,LackaghCrosspolka,7,2,2,4,2
1063,ATripToGalway,4,4,4,4,4
1064,PaddyMurphysWifereel,7,2,6,2,6
1065,DanSullivansFancyhornpipe,7,2,7,2,7
1066,SportingPaddyreel,9,4,7,4,7
1067,MrsLongsTartanPlaidreel,7,4,4,2,4
1068,ScullyCaseys2,2,2,9,9,9
1069,KinvaraReelThe,7,7,7,7,7
1070,RainyDayJigThe,7,7,2,7,2
1071,BallinafadFancypolkaThe,7,11,11,11,11
1072,LateHomeatNight,7,11,11,11,11
1073,McFaddensReel1,2,11,6,2,6
1074,LimerickBlacksmithThe,2,6,2,2,2
1075,PipersNewHousehornpipeThe,2,6,2,6,2
1076,AlltheWorldLovesMereel,7,7,2,7,7
1077,WrenHornpipe,7,0,4,9,4
1078,GreenGatesreelThe,7,6,7,2,7
1079,JohnnyOLearyspolka,2,9,9,9,9
1080,TomDowdsFavoritereel,9,7,7,7,7
1081,HighRoadtoDublinThe,2,4,11,4,11
1082,CabinHunterreel,4,6,7,6,2
1083,FroginthePuddleThe,7,7,11,7,11
1084,NewFrockThe,9,2,0,2,0
1085,HumorsofWhiskeyThe,7,9,11,9,11
1086,McDonaghsApples,7,2,6,2,6
1087,CrimlinCatreelThe,7,9,9,9,9
1088,MammysPetreel,2,4,2,4,2
1089,DonegalRamblerreelThe,9,9,4,9,4
1090,ThrowtheBeetleatHer,7,11,11,11,11
1091,JohnColtonsreel,4,11,11,11,4
1092,AlltheWaytoGalwayreel,7,9,9,2,0
1093,HareintheCorn2,7,11,9,11,11
1094,BrianoLaimhinreel,7,11,2,11,2
1095,LimerickSquireThe,2,2,2,2,2
1096,RoscommonReelThe,4,11,9,11,9
1097,Knocknagow2,9,1,1,1,1
1098,MaidofattheSpinningWheelThe,7,9,9,9,9
1099,JackandJillreel,4,2,4,4,4
1100,PollHapennyhornpipe,7,9,7,9,7
1101,MaryBrennansFavorite,7,11,7,11,7
1102,LaCosaMulliganreel,2,4,2,4,2
1103,FallofSnowThe,7,7,2,7,11
1104,MasterHenrysReel,7,7,7,2,7
1105,MissMcGuinessreel,9,2,2,2,2
1106,GrovesofGneeveguilliapolka,9,9,4,9,4
1107,BaconandBeanshornpipe,0,11,0,0,0
1108,AchonryLassesreelThe,7,9,11,9,11
1109,JimMcGuirksReel,7,7,7,7,7
1110,HumorsofWhitegatereelThe,2,9,9,9,9
1111,KiltycreenReelThe,4,4,11,4,11
1112,TopofMaolpolka,4,11,11,4,11
1113,ToptoBottomreel,7,7,7,7,7
1114,MerryBlacksmithreelThe,2,9,11,9,11
1115,HumorsofDrinaghThe,2,7,7,7,7
1116,FortheSakeofOldDecencyreel,7,7,2,11,2
1117,BaileantSamhraidhslide,7,4,9,2,2
1118,SligoMaidreelThe,9,7,11,7,11
1119,MissBrownsFancy,2,4,11,4,4
1120,ScullyCaseyshornpipe,2,2,6,2,6
1121,TimMulloneysreel,7,2,2,2,2
1122,SallysBroomstick,2,2,1,2,1
1123,FahysReel,2,2,2,2,2
1124,MisterJonesKerryReel,7,7,7,7,7
1125,ViewfromBlackHeadThe,2,6,4,6,4
1126,DairyMaidThe,9,9,9,9,7
1127,MonasterevinFancyreelThe,7,11,2,11,2
1128,RookontheThatchreelThe,2,6,11,11,11
1129,OliversOwnreel,7,6,7,7,7
1130,GreenFieldsofAmericareelThe,7,7,9,7,9
1131,ComeUpstairswithMe,7,7,11,7,11
1132,TarmonPolka,7,7,11,7,11
1133,RoadtoBoyleThe,2,9,2,6,2
1134,JohnnyBringtheBoxpolka,2,11,7,11,7
1135,ChurchHill,7,11,9,11,9
1136,ScullyCaseys1,9,9,0,9,0
1137,McFaddensReel2,2,6,2,6,2
1138,ThadyCaseysFancyreel,4,11,11,11,11
1139,JacksAlivereel,7,7,7,11,7
1140,DougansFancyreel,2,9,9,11,9
1141,PaddyBreens,7,11,7,11,7
1142,CuckooHornpipeThe,7,7,2,2,2
1143,GetUpOldWoman,4,11,7,11,7
1144,IHaveNoMoneyreel,2,9,6,6,6
1145,FairandFortyhornpipe,7,2,4,2,4
1146,SonnysLimestoneRockreel,9,11,9,11,9
1147,ButchersMarchiiiThe,7,2,2,2,2
1148,YoungAndStylish,7,9,4,9,0
1149,HumorsofDerrycrossaneThe,7,11,11,11,11
1150,BrightLakePolkaThe,7,11,11,11,11
1151,OKeeffesMusicalGlobeslide,2,2,2,2,2
1152,PrettyBrownGirlThe,7,7,7,7,7
1153,BigRoadtoSligoThe,2,2,4,2,4
1154,EarlsChairreelThe,2,2,11,11,11
1155,HareintheCorn1,2,7,6,7,6
1156,JohnnyMickeysSlide,2,6,6,6,2
1157,DinnyOBriensreel,7,2,0,2,0
1158,TinkersApronreelThe,7,9,0,9,0
1159,MeenacrossReelThe,4,4,7,4,7
1160,WiseNora,7,11,7,11,7
1161,PinkeenThe,2,2,2,2,2
1162,LadyGordonreel,2,2,9,2,9
1163,Knocknagow1,9,9,9,9,9
1164,TaidhgMyDarlingreel,7,11,11,11,11
1165,LadWhoCanDoItThe,2,4,2,4,2
1166,KildareFancyhornpipeThe,2,9,9,2,9
1167,BackofthePipesreel,7,11,7,11,7
1168,JohnKellysSlide,2,11,11,11,2
1169,BasketofEggs1,7,7,9,7,9
1170,CrowleysReel,2,9,9,9,9
1171,CleaningtheHenhousereel,2,6,2,6,2
1172,MusicClubreelThe,2,2,2,6,2
1173,DowntheHilltoDoolinreel,7,7,11,7,11
1174,Lynchsreel,4,11,4,11,4
1175,SaltandPepperPolkaThe,7,11,11,11,11
1176,PigeonontheGate2reelThe,4,9,11,11,11
1177,ThatchersMalletreelThe,7,9,6,9,6
1178,GossoonthatBeatHisFatherreelThe,9,4,11,4,11
1179,OldPigeonontheGateThe,7,7,11,11,11
1180,GlinCottagepolkaThe,4,4,7,4,7
1181,DanSweeneys2polka,9,4,9,9,9
1182,QueenoftheRushesThe,7,2,2,2,7
1183,LuckPennyThe,7,7,7,7,7
1184,AftertheHarereel,7,11,2,11,2
1185,IrishWasherwomanThe,7,7,11,7,11
1186,KilkennyPriestThe,2,6,2,6,2
1187,LeahysJig,2,6,2,6,11
1188,CribofPerchesreelThe,2,9,2,9,2
1189,BattleofAughrimpolkaThe,9,9,9,4,9
1190,FantasticReelThe,2,9,11,9,6
1191,BuckleytheFiddlerreel,7,11,2,11,2
1192,MaidOfMountKiscoreelThe,9,9,4,11,4
1193,LordBanffsReel,2,2,2,2,2
1194,MountScotJigThe,7,7,7,7,7
